-1.068415,-1.020798,-0.961779,-0.890059,-0.804270,-0.702979,-0.584712,-0.447968,-0.291249,-0.113099,0.087862,0.312883,0.563028,0.839112,1.141632,1.470693,1.825936,2.206465,2.610781,3.036728,3.481455,3.941399,4.412295,4.889211,5.366628,5.838536,6.298574,6.740196,7.156853,7.542194,7.890266,8.195715,8.453959,8.661345,8.815259,8.914205,8.957833,8.946921,8.883316,8.769829,8.610110,8.408483,8.169786,7.899185,7.602013,7.283604,6.949158,6.603619,6.251582,5.897226,5.544268,5.195942,4.854994,4.523696,4.203869,3.896919,3.603873,3.325423,3.061969,2.813663,2.580447,2.362091,2.158231,1.968393
-1.151919,-1.105381,-1.046682,-0.974349,-0.886815,-0.782423,-0.659450,-0.516120,-0.350641,-0.161241,0.053788,0.296033,0.566888,0.867485,1.198608,1.560598,1.953267,2.375796,2.826657,3.303530,3.803253,4.321785,4.854213,5.394791,5.937019,6.473769,6.997452,7.500219,7.974198,8.411739,8.805675,9.149571,9.437947,9.666474,9.832114,9.933216,9.969546,9.942255,9.853803,9.707816,9.508917,9.262519,8.974608,8.651518,8.299718,7.925617,7.535393,7.134851,6.729322,6.323585,5.921826,5.527621,5.143944,4.773196,4.417238,4.077443,3.754751,3.449719,3.162585,2.893313,2.641646,2.407151,2.189258,1.987297
-1.240862,-1.195900,-1.138007,-1.065515,-0.976635,-0.869458,-0.741975,-0.592095,-0.417680,-0.216582,0.013301,0.273966,0.567221,0.894600,1.257259,1.655862,2.090467,2.560402,3.064150,3.599247,4.162203,4.748445,5.352313,5.967093,6.585112,7.197884,7.796314,8.370952,8.912283,9.411050,9.858577,10.247091,10.570006,10.822169,11.000043,11.101818,11.127443,11.078585,10.958511,10.771905,10.524642,10.223513,9.875949,9.489732,9.072728,8.632643,8.176820,7.712074,7.244573,6.779763,6.322330,5.876196,5.444541,5.029854,4.633983,4.258210,3.903318,3.569668,3.257266,2.965829,2.694842,2.443617,2.211332,1.997073
-1.335382,-1.292562,-1.236035,-1.163922,-1.074187,-0.964637,-0.832938,-0.676637,-0.493191,-0.280010,-0.034516,0.245783,0.563210,0.919806,1.317210,1.756520,2.238142,2.761640,3.325578,3.927385,4.563232,5.227962,5.915050,6.616641,7.323650,8.025935,8.712549,9.372057,9.992903,10.563823,11.074258,11.514768,11.877397,12.155987,12.346409,12.446698,12.457089,12.379949,12.219617,11.982158,11.675055,11.306858,10.886817,10.424518,9.929540,9.411160,8.878106,8.338365,7.799056,7.266353,6.745462,6.240635,5.755217,5.291718,4.851900,4.436869,4.047167,3.682871,3.343674,3.028969,2.737917,2.469509,2.222618,1.996042
-1.435570,-1.395528,-1.341010,-1.269908,-1.179911,-1.068509,-0.933003,-0.770522,-0.578054,-0.352489,-0.090684,0.210460,0.553897,0.942307,1.377951,1.862502,2.396854,2.980929,3.613472,4.291863,5.011951,5.767936,6.552304,7.355850,8.167784,8.975940,9.767081,10.527299,11.242486,11.898859,12.483494,12.984863,13.393305,13.701428,13.904402,14.000124,13.989257,13.875127,13.663496,13.362235,12.980910,12.530316,12.022004,11.467808,10.879415,10.268001,9.643934,9.016557,8.394052,7.783373,7.190246,6.619209,6.073697,5.556152,5.068139,4.610474,4.183347,3.786443,3.419044,3.080124,2.768437,2.482582,2.221063,1.982337
-1.541462,-1.504907,-1.453128,-1.383767,-1.294214,-1.181606,-1.042833,-0.874548,-0.673197,-0.435064,-0.156329,0.166838,0.538164,0.961131,1.438798,1.973594,2.567084,3.219718,3.930563,4.697049,5.514739,6.377146,7.275630,8.199390,9.135576,10.069534,10.985184,11.865521,12.693224,13.451326,14.123921,14.696849,15.158315,15.499402,15.714452,15.801264,15.761130,15.598685,15.321592,14.940092,14.466454,13.914359,13.298271,12.632833,11.932328,11.210223,10.478822,9.749020,9.030169,8.330036,7.654828,7.009289,6.396830,5.819683,5.279072,4.775374,4.308284,3.876957,3.480139,3.116279,2.783626,2.480304,2.204379,1.953904
-1.653020,-1.620736,-1.572516,-1.505733,-1.417451,-1.304421,-1.163072,-0.989519,-0.779586,-0.528846,-0.232684,0.113610,0.514713,0.975103,1.498857,2.089394,2.749189,3.479449,4.279766,5.147774,6.078824,7.065722,8.098554,9.164636,10.248623,11.332794,12.397516,13.421885,14.384508,15.264378,16.041795,16.699264,17.222301,17.600105,17.826035,17.897865,17.817803,17.592274,17.231482,16.748801,16.160022,15.482538,14.734521,13.934134,13.098852,12.244902,11.386856,10.537365,9.707042,8.904451,8.136202,7.407104,6.720367,6.077823,5.480152,4.927102,4.417686,3.950365,3.523201,3.133986,2.780352,2.459855,2.170041,1.908501
-1.770126,-1.742970,-1.699218,-1.635959,-1.549908,-1.437391,-1.294326,-1.116226,-0.898202,-0.635006,-0.321084,0.049324,0.482050,0.982814,1.556977,2.209252,2.943334,3.761497,4.664144,5.649339,6.712364,7.845331,9.036906,10.272190,11.532811,12.797248,14.041410,15.239451,16.364784,17.391236,18.294257,19.052097,19.646872,20.065433,20.299983,20.348388,20.214181,19.906240,19.438186,18.827537,18.094698,17.261866,16.351939,15.387497,14.389940,13.378808,12.371306,11.382039,10.422923,9.503253,8.629876,7.807447,7.038721,6.324865,5.665751,5.060246,4.506456,4.001943,3.543906,3.129330,2.755104,2.418110,2.115293,1.843706
-1.892560,-1.871456,-1.833172,-1.774496,-1.691771,-1.580864,-1.437135,-1.255417,-1.030021,-0.754749,-0.422954,-0.027624,0.438472,0.982584,1.611701,2.332200,3.149408,4.067083,5.086834,6.207495,7.424511,8.729377,10.109208,11.546516,13.019249,14.501161,15.962529,17.371202,18.693929,19.897884,20.952272,21.829888,22.508521,22.972091,23.211439,23.224723,23.017373,22.601640,21.995747,21.222731,20.309067,19.283190,18.174043,17.009757,15.816552,14.617919,13.434086,12.281769,11.174163,10.121117,9.129448,8.203321,7.344680,6.553660,5.828987,5.168328,4.568600,4.026223,3.537326,3.097914,2.703992,2.351654,2.037149,1.756930
-2.019985,-2.005922,-1.974188,-1.921264,-1.843102,-1.735075,-1.591933,-1.407766,-1.175978,-0.889293,-0.539790,-0.118980,0.382054,0.972438,1.661202,2.456868,3.366920,4.397157,5.550944,6.828378,8.225440,9.733189,11.337104,13.016685,14.745409,16.491129,18.216965,19.882661,21.446350,22.866581,24.104468,25.125770,25.902742,26.415630,26.653692,26.615675,26.309729,25.752742,24.969170,23.989430,22.848020,21.581509,20.226603,18.818412,17.389062,15.966716,14.575004,13.232838,11.954534,10.750175,9.626111,8.585536,7.629081,6.755372,5.961544,5.243672,4.597144,4.016947,3.497907,3.034853,2.622751,2.256787,1.932425,1.645442
-2.151933,-2.145949,-2.121926,-2.076028,-2.003801,-1.900098,-1.759015,-1.573824,-1.336925,-1.039821,-0.673122,-0.226608,0.310651,0.950071,1.703228,2.581383,3.594858,4.752233,6.059384,7.518386,9.126334,10.874198,12.745823,14.717254,16.756531,18.824105,20.873937,22.855279,24.715029,26.400475,27.862181,29.056774,29.949410,30.515721,30.743133,30.631454,30.192702,29.450167,28.436773,27.192858,25.763578,24.196169,22.537327,20.830942,19.116346,17.427162,15.790740,14.228118,12.754376,11.379280,10.108056,8.942235,7.880458,6.919217,6.053494,5.277293,4.584065,3.967038,3.419462,2.934784,2.506766,2.129563,1.797762,1.506400
-2.287788,-2.290958,-2.275865,-2.238360,-2.173571,-2.075812,-1.938482,-1.753972,-1.513576,-1.207428,-0.824468,-0.352460,0.221911,0.912834,1.735036,2.703257,3.831524,5.132172,6.614629,8.283962,10.139273,12.172048,14.364666,16.689279,19.107336,21.569954,24.019287,26.390881,28.616869,30.629711,32.366127,33.770849,34.799885,35.423069,35.625743,35.409481,34.791796,33.804821,32.493039,30.910195,29.115692,27.170814,25.135167,23.063682,21.004423,18.997269,17.073458,15.255819,13.559524,11.993132,10.559785,9.258381,8.084672,7.032210,6.093135,5.258802,4.520257,3.868592,3.295194,2.791902,2.351114,1.965833,1.629684,1.336906
-2.426769,-2.440185,-2.435285,-2.407613,-2.351882,-2.261849,-2.130189,-1.948353,-1.706434,-1.393054,-0.995265,-0.498515,0.113310,0.857730,1.753339,2.819261,4.074325,5.535899,7.218371,9.131253,11.276986,13.648597,16.227456,18.981471,21.864124,24.814710,27.760030,30.617552,33.299809,35.719589,37.795331,39.456205,40.646424,41.328544,41.485597,41.121959,40.262917,38.952843,37.252060,35.232541,32.972858,30.552912,28.049041,25.530043,23.054443,20.669089,18.408955,16.297892,14.349989,12.571249,10.961335,9.515202,8.224535,7.078937,6.066869,5.176362,4.395528,3.712918,3.117748,2.600031,2.150641,1.761319,1.424658,1.134058
-2.567919,-2.592664,-2.599237,-2.582888,-2.537924,-2.457546,-2.333684,-2.156803,-1.915716,-1.597389,-1.186777,-0.666697,-0.017781,0.781440,1.754269,2.925303,4.319540,5.961041,7.871054,10.065577,12.552389,15.327723,18.372905,21.651462,25.107325,28.664741,32.230351,35.697502,38.952432,41.881590,44.379142,46.353857,47.734760,48.475326,48.556108,47.985795,46.800606,45.061861,42.851684,40.267000,37.412375,34.392548,31.305624,28.237756,25.259795,22.425961,19.774240,17.328010,15.098384,13.086787,11.287454,9.689645,8.279480,7.041378,5.959136,5.016696,4.198662,3.490621,2.879316,2.352723,1.900053,1.511703,1.179185,0.895038
-2.710097,-2.747216,-2.766524,-2.763003,-2.730572,-2.661891,-2.548139,-2.378771,-2.141249,-1.820768,-1.399981,-0.858756,-0.174001,0.680389,1.733374,3.016312,4.562061,6.403486,8.571234,11.090650,13.977805,17.234799,20.844741,24.767123,28.934586,33.252131,37.599620,41.837777,45.817112,49.388466,52.413618,54.774609,56.381030,57.175144,57.135004,56.275728,54.648791,52.338950,49.458475,46.138725,42.519851,38.740011,34.925723,31.184718,27.601962,24.238773,21.134394,18.309113,15.768099,13.505267,11.506767,9.753887,8.225319,6.898834,5.752448,4.765190,3.917558,3.191758,2.571787,2.043407,1.594062,1.212755,0.889903,0.617194
-2.851968,-2.902433,-2.935682,-2.946466,-2.928349,-2.873474,-2.772288,-2.613229,-2.382372,-2.063044,-1.635419,-1.076116,-0.357843,0.550859,1.685663,3.086172,4.795127,6.856861,9.314763,12.207482,15.563714,19.395631,23.691401,28.407799,33.464469,38.741691,44.083269,49.305077,54.208324,58.595201,62.284111,65.122258,66.994703,67.830168,67.604432,66.341884,64.115002,61.040863,57.273617,52.992628,48.387359,43.641388,38.918450,34.352779,30.044700,26.060986,22.438639,19.190494,16.311288,13.783294,11.581042,9.674980,8.034149,6.628004,5.427571,4.406118,3.539466,2.806074,2.186969,1.665584,1.227552,0.860479,0.553719,0.298157
-2.992009,-3.056678,-3.104975,-3.131462,-3.129394,-3.090443,-3.004362,-2.858594,-2.637820,-2.323445,-1.893027,-1.319677,-0.571450,0.389191,1.605745,3.127718,5.010104,7.311974,10.093776,13.412871,17.316864,21.834566,26.964917,32.665176,38.840784,45.340202,51.957874,58.446739,64.538696,69.968646,74.496815,77.925577,80.109866,80.962704,80.458206,78.633545,75.589487,71.487374,66.539873,60.994169,55.109145,49.130904,43.272034,37.698595,32.525984,27.822177,23.615562,19.904534,16.666824,13.867419,11.464689,9.414778,7.674532,6.203294,4.963883,3.923013,3.051345,2.323322,1.716876,1.213082,0.795794,0.451293,0.167956,-0.064040
-3.128514,-3.208089,-3.272388,-3.315837,-3.331443,-3.310468,-3.242032,-3.112640,-2.905613,-2.600425,-2.171946,-1.589578,-0.816342,0.192058,1.488071,3.132869,5.196369,7.756269,10.895521,14.697428,19.237499,24.571324,30.718391,37.643232,45.237485,53.308737,61.582545,69.721248,77.356980,84.130235,89.723425,93.882750,96.428109,97.255713,96.339095,93.731862,89.571431,84.079032,77.549665,70.328082,62.772972,55.217880,47.939475,41.140333,34.947095,29.419939,24.567627,20.363350,16.758520,13.693426,11.104720,8.930272,7.112017,5.597414,4.339973,3.299227,2.440361,1.733694,1.154085,0.680348,0.294695,-0.017768,-0.269483,-0.470830
-3.259613,-3.354594,-3.435644,-3.497112,-3.531828,-3.530724,-3.482376,-3.372438,-3.182951,-2.891518,-2.470313,-1.884935,-1.093088,-0.043147,1.327328,3.092941,5.341386,8.173427,11.701131,16.043153,21.315497,27.615968,35.001086,43.456207,52.863684,62.979261,73.430132,83.743926,93.404839,101.918729,108.865044,113.923364,116.877342,117.608188,116.090268,112.395621,106.705816,99.321328,90.654079,81.192727,71.443558,61.864757,52.816334,44.538692,37.158351,30.710288,25.165456,20.455885,16.494083,13.186415,10.441438,8.174553,6.310177,4.782362,3.534524,2.518685,1.694520,1.028349,0.492176,0.062807,-0.278924,-0.548830,-0.759936,-0.922966
-3.383296,-3.493937,-3.592223,-3.672496,-3.727486,-3.747893,-3.721861,-3.634313,-3.466144,-3.193205,-2.785074,-2.203560,-1.400929,-0.317835,1.118997,2.999211,5.431116,8.543296,12.484578,17.420715,23.525282,30.961261,39.849546,50.222517,61.967482,74.776910,88.133866,101.357408,113.703902,124.483742,133.143896,139.294274,142.691543,143.210200,140.826306,135.626077,127.836386,117.858213,106.271621,93.785045,81.131290,68.950046,57.706695,47.670595,38.941458,31.497391,25.242888,20.046396,15.765554,12.262205,9.410193,7.098587,5.232225,3.730835,2.527494,1.566863,0.803456,0.200038,-0.273782,-0.642758,-0.927024,-1.142942,-1.303801,-1.420389
-3.497452,-3.623718,-3.739409,-3.838929,-3.915000,-3.958197,-3.956360,-3.893842,-3.750567,-3.500833,-3.111814,-2.541699,-1.737385,-0.631674,0.860068,2.843769,5.450860,8.842410,13.212204,18.786894,25.819679,34.571660,45.272347,58.050520,72.834910,89.248785,106.558300,123.742869,139.691067,153.424773,164.232284,171.674465,175.514495,175.640881,172.028897,164.758125,154.082064,140.518168,124.892200,108.264546,91.732632,76.205794,62.272104,50.194624,39.989888,31.524730,24.594791,18.975801,14.452205,10.830645,7.944546,5.653984,3.843337,2.418100,1.301600,0.431941,-0.240671,-0.756206,-1.146699,-1.437801,-1.650042,-1.799848,-1.900359,-1.962086
-3.599911,-3.741441,-3.874341,-3.993148,-4.090664,-4.157458,-4.181212,-4.145895,-4.030682,-3.808581,-3.444669,-2.893832,-2.097901,-0.982023,0.549872,2.620646,5.386647,9.045362,13.843396,20.083064,28.123605,38.368746,51.225165,67.008285,85.773998,107.095704,129.905753,152.595354,173.424668,190.987273,204.418094,213.310673,217.516884,216.980098,211.662217,201.578545,186.940574,168.370690,147.059693,124.667723,102.914349,83.112654,65.958458,51.610420,39.891920,30.472050,22.980768,17.067868,12.427016,8.801425,5.981099,3.796852,2.113635,0.824280,-0.155947,-0.893889,-1.442202,-1.842340,-2.126920,-2.321606,-2.446591,-2.517760,-2.547613,-2.545979
-3.688505,-3.844584,-3.994092,-4.131762,-4.250571,-4.341197,-4.391325,-4.384737,-4.300121,-4.109523,-3.776319,-3.252577,-2.475603,-1.363450,0.190908,2.327120,5.227109,9.127223,14.333034,21.236102,30.329686,42.214587,57.572998,77.063015,101.057528,129.183801,159.858571,190.378049,217.858245,240.278213,256.744268,267.101375,271.453914,269.864801,262.246805,248.423388,228.384638,202.755896,173.272706,142.698058,113.884756,88.729781,67.902703,51.222933,38.126926,27.965405,20.139002,14.142405,9.567673,6.092680,3.466005,1.492621,0.021736,-1.063058,-1.851566,-2.413063,-2.800993,-3.056600,-3.211719,-3.290929,-3.313203,-3.293184,-3.242161,-3.168833
-3.761128,-3.930671,-4.095749,-4.251359,-4.390731,-4.504771,-4.581321,-4.604189,-4.551858,-4.395784,-4.098129,-3.608758,-2.861229,-1.767444,-0.210489,1.964975,4.965629,9.066873,14.636090,22.163292,32.299545,45.898657,64.040846,87.968771,118.757794,156.435676,198.663949,240.537813,276.966120,305.191901,324.773911,336.278857,340.321448,337.155427,326.567123,307.955196,280.698039,245.068586,203.577977,161.190533,122.948995,91.449874,66.848154,48.141059,34.093959,23.610143,15.814463,10.036842,5.772274,2.642136,0.362780,-1.278496,-2.441448,-3.246256,-3.783462,-4.121363,-4.311520,-4.392882,-4.394870,-4.339701,-4.244131,-4.120776,-3.979105,-3.826199
-3.815809,-3.997353,-4.176524,-4.348626,-4.507217,-4.643535,-4.745731,-4.797848,-4.778454,-4.658814,-4.400417,-3.951659,-3.243322,-2.182436,-0.643852,1.541392,4.602285,8.850700,14.714002,22.782070,33.875261,49.140199,70.170260,99.091332,138.332579,189.226818,248.547089,306.719605,354.359449,388.496614,410.424243,422.172812,425.122588,419.733252,405.534952,381.172959,344.734483,295.213171,236.012583,176.754799,126.751399,88.770446,61.166597,41.367304,27.197117,17.054860,9.802836,4.635387,0.978444,-1.580361,-3.339441,-4.516050,-5.269084,-5.715150,-5.940014,-6.006844,-5.962176,-5.840280,-5.666346,-5.458838,-5.231229,-4.993286,-4.752022,-4.512408
-3.850781,-4.042503,-4.233851,-4.420474,-4.596317,-4.753037,-4.879229,-4.959366,-4.972386,-4.889763,-4.672891,-4.269493,-3.608700,-2.594220,-1.094813,1.069162,4.144991,8.475621,14.541325,23.023259,34.903004,51.621608,75.331219,109.247419,157.843171,225.261922,307.702307,386.288999,444.700742,482.386370,504.392862,514.712389,515.450477,507.135953,488.884285,458.301722,411.441238,344.476469,261.366273,181.008432,119.617534,77.497840,49.184915,30.042504,16.999442,8.083029,2.004486,-2.098956,-4.817378,-6.561049,-7.618611,-8.194789,-8.435548,-8.445264,-8.298650,-8.049140,-7.734854,-7.382851,-7.012201,-6.636197,-6.263954,-5.901575,-5.552998,-5.220610
-3.864553,-4.064296,-4.265500,-4.464179,-4.654704,-4.829223,-4.976881,-5.082757,-5.126419,-5.079943,-4.905192,-4.550054,-3.943208,-2.986780,-1.545944,0.565997,3.609343,7.950310,14.110308,22.843500,35.263351,53.056855,78.855401,116.850558,173.491390,255.944972,351.606822,451.788785,512.786441,547.944026,566.264891,572.915538,570.154278,558.278707,535.872775,499.504081,443.191255,360.033174,262.746778,160.001314,95.353288,55.165150,29.956066,13.827076,3.409862,-3.293133,-7.526740,-10.098090,-11.545337,-12.233958,-12.414985,-12.261905,-11.894864,-11.396965,-10.825421,-10.219299,-9.604920,-8.999667,-8.414668,-7.856690,-7.329484,-6.834736,-6.372740,-5.942871
-3.855979,-4.061299,-4.269683,-4.477513,-4.679605,-4.868642,-5.034407,-5.162725,-5.234022,-5.221330,-5.087527,-4.781485,-4.232659,-3.343422,-1.978085,0.053033,3.017091,7.294102,13.431563,22.231563,34.894755,53.267166,80.272235,120.629655,181.611748,270.681488,378.601472,466.635917,517.489180,543.140445,554.004070,554.893289,547.511922,531.645161,505.340932,464.469309,402.104552,310.960091,200.317174,108.837663,53.621988,22.352199,4.085484,-6.791366,-13.194766,-16.780986,-18.560348,-19.178024,-19.057059,-18.478579,-17.630211,-16.636850,-15.580892,-14.515818,-13.475435,-12.480212,-11.541636,-10.665205,-9.852498,-9.102580,-8.412973,-7.780306,-7.200758,-6.670338
-3.824312,-4.032542,-4.245144,-4.458858,-4.668945,-4.868646,-5.048432,-5.194983,-5.289767,-5.307083,-5.211317,-4.953101,-4.463864,-3.648062,-2.371952,-0.447167,2.393693,6.534073,12.530909,21.206300,33.798300,52.215638,79.469265,120.336247,181.823337,269.814996,371.189054,445.656364,481.259896,494.324387,495.778912,489.704884,477.063543,457.076072,427.365254,383.513835,318.700747,227.102239,121.799107,42.942254,2.243228,-17.003358,-26.294158,-30.553528,-32.010417,-31.833365,-30.705334,-29.049170,-27.132519,-25.124688,-23.130863,-21.214028,-19.409428,-17.734261,-16.194190,-14.787706,-13.509033,-12.350052,-11.301538,-10.353953,-9.497936,-8.724588,-8.025624,-7.393439
-3.769252,-3.977577,-4.191239,-4.407311,-4.621482,-4.827548,-5.016694,-5.176522,-5.289685,-5.331999,-5.269789,-5.056148,-4.625602,-3.886463,-2.709704,-0.912597,1.765750,5.701621,11.444527,19.809157,32.024854,49.982294,76.634119,116.560582,176.178321,259.990285,353.028626,415.074037,437.170667,438.384136,430.466288,417.270317,399.297359,375.368539,342.845316,297.272202,232.246304,143.199245,44.964770,-22.444075,-50.366443,-58.284274,-58.542393,-55.854670,-52.000422,-47.744546,-43.461032,-39.345177,-35.497488,-31.963534,-28.756007,-25.868119,-23.282078,-20.974493,-18.919775,-17.092219,-15.467221,-14.021929,-12.735536,-11.589354,-10.566757,-9.653047,-8.835294,-8.102152
-3.690976,-3.896515,-4.107984,-4.322749,-4.536896,-4.744751,-4.938214,-5.105838,-5.231556,-5.292894,-5.258469,-5.084439,-4.709437,-4.047264,-2.976235,-1.323423,1.158983,4.829777,10.214894,18.096470,29.656494,46.710190,72.075427,110.070949,166.615715,245.435644,330.882248,383.029296,394.397796,385.637191,369.339262,349.530910,326.584703,299.137239,264.437527,218.085673,154.014413,68.308767,-23.608855,-82.084758,-99.980081,-98.387623,-90.502612,-81.206039,-72.120960,-63.766942,-56.281300,-49.660466,-43.846780,-38.763009,-34.327514,-30.461338,-27.091496,-24.152318,-21.585731,-19.340975,-17.374038,-15.646962,-14.127125,-12.786553,-11.601280,-10.550784,-9.617480,-8.786292
-3.590144,-3.790045,-3.996082,-4.205868,-4.415840,-4.620818,-4.813388,-4.983059,-5.115091,-5.188852,-5.175519,-5.034805,-4.710300,-4.122726,-3.160089,-1.663070,0.596970,3.951721,8.888621,16.134794,26.792887,42.562208,66.089254,101.441253,154.193443,227.699981,306.139642,349.917499,352.405230,335.216040,311.615224,285.930414,258.591256,228.202113,192.001069,145.667963,83.334666,1.343869,-84.794842,-135.819353,-145.479172,-135.847353,-120.787459,-105.451546,-91.459494,-79.196802,-68.628402,-59.585193,-51.867714,-45.283841,-39.661513,-34.851678,-30.727404,-27.181602,-24.124378,-21.480473,-19.186937,-17.191113,-15.448917,-13.923387,-12.583474,-11.403046,-10.360051,-9.435836
-3.467896,-3.659426,-3.856915,-4.058174,-4.259942,-4.457478,-4.644015,-4.809992,-4.942006,-5.021339,-5.021902,-4.907329,-4.626824,-4.109179,-3.254034,-1.918905,0.100410,3.100042,7.515669,13.999346,23.546024,37.704126,58.918390,91.009477,139.301904,206.993438,278.346177,314.186706,308.570123,283.817547,253.712458,222.855172,191.774647,159.107345,122.137294,76.639217,16.865988,-60.785975,-140.966462,-184.886236,-187.006339,-170.112460,-148.565333,-127.737968,-109.259356,-93.408979,-80.004715,-68.730919,-59.259950,-51.294611,-44.579639,-38.901303,-34.082848,-29.978934,-26.470306,-23.459115,-20.864972,-18.621696,-16.674661,-14.978649,-13.496110,-12.195760,-11.051448,-10.041240
-3.325821,-3.506453,-3.692509,-3.881949,-4.071756,-4.257580,-4.433242,-4.590070,-4.715971,-4.794158,-4.801371,-4.705378,-4.461435,-4.007208,-3.255384,-2.082731,-0.313557,2.305946,6.148626,11.773769,20.041394,32.310045,50.774196,78.964591,121.952695,182.868061,246.250122,273.570030,259.686862,227.592639,191.459908,156.037071,121.883468,87.658818,50.726412,7.001274,-49.131030,-121.297075,-194.488612,-230.601403,-224.917608,-200.886328,-173.221055,-147.370173,-124.873088,-105.853435,-89.965248,-76.747010,-65.750919,-56.584669,-48.919276,-42.484447,-37.060198,-32.468160,-28.563784,-25.229778,-22.370741,-19.908839,-17.780359,-15.932946,-14.323423,-12.916039,-11.681081,-10.593755
-3.165909,-3.333403,-3.505466,-3.680164,-3.854676,-4.024981,-4.185437,-4.328200,-4.442441,-4.513275,-4.520273,-4.435418,-4.220216,-3.821621,-3.166154,-2.151259,-0.632294,1.597714,4.840758,9.548930,16.421312,26.580065,41.889763,65.469757,101.999810,154.494149,207.986880,225.086607,201.904787,162.199058,120.329443,80.931642,44.420583,9.418631,-26.593990,-67.447511,-118.476752,-183.270851,-247.367044,-273.826182,-259.188125,-227.648268,-194.057562,-163.660208,-137.701886,-116.040720,-98.122941,-83.332530,-71.108430,-60.975235,-52.542582,-45.494460,-39.576548,-34.584475,-30.353852,-26.752140,-23.672140,-21.026828,-18.745284,-16.769474,-15.051712,-13.552651,-12.239691,-11.085711
-2.990492,-3.142956,-3.298874,-3.456376,-3.612792,-3.764385,-3.905990,-4.030535,-4.128388,-4.186495,-4.187201,-4.106642,-3.912547,-3.561181,-2.993019,-2.126525,-0.848892,0.998265,3.642131,7.418582,12.844852,20.758465,32.586555,50.819166,79.390339,120.883836,161.086563,164.844048,130.549855,82.800486,35.616381,-6.981898,-44.998432,-79.926965,-114.099643,-150.871387,-194.926794,-249.483154,-300.863664,-314.378864,-288.843724,-249.262501,-210.085773,-175.836909,-147.168428,-123.542949,-104.159797,-88.249379,-75.152637,-64.329267,-55.344247,-47.849768,-41.568225,-36.277815,-31.800874,-27.994611,-24.743829,-21.955208,-19.552832,-17.474675,-15.669845,-14.096406,-12.719654,-11.510752
-2.802165,-2.938108,-3.076193,-3.214584,-3.350730,-3.481137,-3.601071,-3.704170,-3.781931,-3.823042,-3.812493,-3.730417,-3.550532,-3.238075,-2.746994,-2.016057,-0.963302,0.522290,2.594091,5.470715,9.478677,15.137233,23.331954,35.641153,54.621689,81.541292,103.084482,88.800101,41.434712,-14.124337,-65.504717,-110.064945,-148.498593,-182.441086,-213.916531,-245.487176,-280.521399,-320.950237,-354.005138,-349.695770,-311.170716,-263.686218,-219.977364,-183.076001,-152.757850,-128.027603,-107.851558,-91.339728,-77.768331,-66.560195,-57.257770,-49.498428,-42.994138,-37.515347,-32.878395,-28.935728,-25.568290,-22.679600,-20.191136,-18.038710,-16.169629,-14.540452,-13.115215,-11.864025
-2.603702,-2.722064,-2.841129,-2.959080,-3.073462,-3.180995,-3.277342,-3.356801,-3.411926,-3.433043,-3.407634,-3.319580,-3.148205,-2.867104,-2.442704,-1.832489,-0.982799,0.174017,1.723581,3.775778,6.476093,10.028095,14.737635,21.075670,29.544979,38.604519,35.531404,-0.787357,-60.614996,-121.416521,-174.501085,-219.117642,-256.620361,-288.659246,-316.801151,-342.540067,-367.195837,-389.882175,-398.407220,-372.096456,-321.057479,-268.148768,-222.354805,-184.707270,-154.139311,-129.324124,-109.103640,-92.545700,-78.916097,-67.638556,-58.259617,-50.420876,-43.837674,-38.282822,-33.574149,-29.564916,-26.136404,-23.192147,-20.653429,-18.455748,-16.546037,-14.880452,-13.422629,-12.142291
-2.397969,-2.498131,-2.597505,-2.694286,-2.786105,-2.869885,-2.941658,-2.996349,-3.027505,-3.026982,-2.984580,-2.887634,-2.720588,-2.464589,-2.097210,-1.592440,-0.921254,-0.053259,1.039660,2.375951,3.949556,5.698751,7.433500,8.638021,7.837824,0.480119,-17.327633,-76.842832,-140.889612,-200.763848,-251.663667,-293.947681,-329.065443,-358.388761,-382.918603,-403.090163,-418.184471,-424.252768,-417.890416,-368.238704,-312.802883,-260.561204,-216.542897,-180.572042,-151.329802,-127.497970,-107.984307,-91.924062,-78.638702,-67.594697,-58.370332,-50.630372,-44.106885,-38.584677,-33.890126,-29.882559,-26.447536,-23.491595,-20.938114,-18.724035,-16.797273,-15.114645,-13.640217,-12.343978
-2.187838,-2.269614,-2.349129,-2.424594,-2.493730,-2.553659,-2.600778,-2.630607,-2.637634,-2.615147,-2.555080,-2.447908,-2.282655,-2.047116,-1.728486,-1.314716,-0.797132,-0.175303,0.534067,1.280775,1.950126,2.301331,1.836824,-0.494359,-6.984571,-22.461430,-54.146542,-103.196160,-158.778292,-210.753356,-255.660794,-293.442275,-324.939004,-350.968840,-371.969300,-387.666345,-396.402115,-393.865840,-373.257741,-333.766287,-286.503877,-241.833579,-203.383373,-171.314377,-144.798820,-122.886381,-104.734588,-89.646703,-77.058571,-66.515711,-57.651791,-50.170801,-43.832827,-38.442817,-33.841707,-29.899383,-26.509096,-23.582995,-21.048563,-18.845752,-16.924682,-15.243789,-13.768326,-12.469152
-1.976099,-2.039712,-2.099672,-2.154219,-2.201179,-2.237882,-2.261087,-2.266900,-2.250705,-2.207126,-2.130052,-2.012779,-1.848353,-1.630276,-1.353794,-1.018180,-0.630678,-0.213260,0.185752,0.471409,0.465901,-0.158170,-2.003834,-6.186164,-14.722009,-30.829790,-57.793978,-95.146701,-137.312532,-178.413006,-215.423612,-247.486892,-274.648371,-297.124140,-314.905042,-327.425959,-333.149793,-329.265834,-312.831088,-284.595478,-250.361969,-216.183187,-185.199574,-158.311723,-135.412967,-116.058982,-99.740758,-85.981395,-74.364248,-64.535867,-56.200422,-49.111865,-43.066139,-37.894183,-33.455924,-29.635221,-26.335659,-23.477068,-20.992664,-18.826696,-16.932513,-15.270986,-13.809208,-12.519434
-1.765389,-1.811431,-1.852561,-1.887072,-1.912912,-1.927637,-1.928380,-1.911820,-1.874202,-1.811397,-1.719072,-1.593025,-1.429777,-1.227605,-0.988261,-0.719789,-0.441118,-0.189523,-0.032810,-0.089362,-0.561411,-1.790321,-4.346142,-9.158100,-17.641006,-31.590196,-52.371677,-79.489341,-110.258122,-141.431790,-170.714121,-196.945165,-219.656892,-238.630908,-253.580362,-263.905306,-268.513970,-265.905550,-254.971465,-236.424978,-213.125940,-188.449051,-164.764239,-143.233889,-124.227095,-107.709386,-93.473529,-81.255410,-70.787516,-61.821668,-54.137165,-47.542193,-41.872245,-36.987365,-32.769058,-29.117286,-25.947717,-23.189301,-20.782158,-18.675792,-16.827565,-15.201423,-13.766826,-12.497853
-1.558130,-1.587511,-1.610896,-1.626656,-1.632885,-1.627388,-1.607679,-1.571012,-1.514452,-1.435028,-1.330014,-1.197391,-1.036618,-0.849858,-0.643910,-0.433232,-0.244629,-0.124506,-0.150073,-0.446570,-1.213402,-2.762411,-5.568889,-10.323159,-17.933107,-29.363022,-45.195128,-65.084127,-87.663622,-111.123995,-133.891701,-154.898665,-173.496794,-189.253776,-201.758450,-210.474637,-214.683123,-213.611970,-206.858054,-194.922659,-179.297956,-161.881798,-144.288311,-127.562846,-112.243046,-98.526384,-86.415147,-75.812052,-66.576288,-58.554292,-51.595755,-45.561329,-40.325774,-35.778662,-31.823813,-28.378129,-25.370200,-22.738861,-20.431839,-18.404498,-16.618741,-15.042040,-13.646602,-12.408654
-1.356482,-1.370369,-1.377381,-1.375990,-1.364464,-1.340876,-1.303134,-1.249055,-1.176486,-1.083523,-0.968867,-0.832373,-0.675919,-0.504708,-0.329257,-0.168343,-0.053399,-0.034955,-0.192010,-0.645363,-1.575821,-3.247070,-6.029032,-10.407806,-16.951053,-26.184507,-38.367742,-53.270130,-70.137939,-87.917956,-105.564624,-122.227429,-137.275175,-150.224469,-160.644543,-168.085093,-172.066101,-172.171626,-168.254816,-160.649092,-150.191360,-137.989407,-125.104520,-112.350795,-100.253141,-89.096568,-78.998623,-69.972005,-61.969413,-54.912778,-48.711247,-43.271755,-38.504917,-34.328035,-30.666386,-27.453502,-24.630884,-22.147418,-19.958671,-18.026143,-16.316549,-14.801146,-13.455127,-12.257082
-1.162304,-1.162061,-1.154283,-1.137568,-1.110379,-1.071075,-1.017964,-0.949411,-0.863998,-0.760788,-0.639725,-0.502233,-0.352109,-0.196825,-0.049423,0.068780,0.124350,0.066399,-0.180676,-0.726650,-1.726889,-3.394092,-6.005620,-9.896448,-15.422124,-22.877914,-32.382802,-43.778983,-56.617566,-70.252664,-83.985467,-97.176335,-109.287837,-119.872021,-128.534599,-134.907316,-138.654378,-139.529567,-137.474771,-132.707537,-125.725125,-117.201272,-107.832748,-98.216764,-88.796092,-79.859952,-71.572492,-64.007369,-57.178030,-51.060687,-45.610434,-40.771957,-36.486372,-32.695389,-29.343712,-26.380293,-23.758856,-21.437977,-19.380908,-17.555254,-15.932585,-14.488025,-13.199856,-12.049137
-0.977139,-0.964267,-0.943417,-0.913340,-0.872712,-0.820185,-0.754469,-0.674451,-0.579391,-0.469211,-0.344910,-0.209180,-0.067273,0.071769,0.193399,0.275209,0.283760,0.170403,-0.133973,-0.725149,-1.731985,-3.321208,-5.696891,-9.088709,-13.722188,-19.768145,-27.280507,-36.147265,-46.082961,-56.671196,-67.435463,-77.903952,-87.646574,-96.283635,-103.479292,-108.936688,-112.409129,-113.733812,-112.880039,-109.986937,-105.361562,-99.428054,-92.648860,-85.452066,-78.186948,-71.109884,-64.390966,-58.130142,-52.375178,-47.137570,-42.405118,-38.151208,-34.341330,-30.937497,-27.901105,-25.194719,-22.783113,-20.633802,-18.717257,-17.006909,-15.479029,-14.112541,-12.888795,-11.791336
-0.802210,-0.778281,-0.746148,-0.704725,-0.652915,-0.589668,-0.514081,-0.425533,-0.323894,-0.209825,-0.085196,0.046323,0.178449,0.301178,0.399297,0.450428,0.422526,0.270785,-0.065943,-0.668889,-1.642466,-3.115196,-5.236032,-8.162962,-12.041312,-16.972301,-22.978270,-29.976875,-37.776558,-46.096921,-54.605335,-62.954719,-70.810907,-77.866746,-83.847616,-88.516398,-91.684986,-93.234783,-93.141242,-91.490651,-88.476782,-84.373504,-79.491826,-74.136456,-68.574014,-63.017058,-57.621489,-52.492287,-47.692901,-43.255211,-39.188421,-35.486303,-32.132730,-29.105748,-26.380435,-23.930867,-21.731405,-19.757496,-17.986146,-16.396151,-14.968184,-13.684772,-12.530216,-11.490479
-0.638423,-0.605033,-0.563407,-0.512638,-0.451857,-0.380309,-0.297455,-0.203123,-0.097720,0.017477,0.139910,0.265199,0.386405,0.493072,0.569978,0.595583,0.540129,0.363467,0.012765,-0.579521,-1.496733,-2.837046,-4.709005,-7.222047,-10.471260,-14.517600,-19.367613,-24.958946,-31.157386,-37.767161,-44.550819,-51.251856,-57.614032,-63.394936,-68.375149,-72.366379,-75.221711,-76.848753,-77.222895,-76.395079,-74.488596,-71.683255,-68.190649,-64.227593,-59.994296,-55.660655,-51.360658,-47.192894,-43.224674,-39.497676,-36.033748,-32.840123,-29.913757,-27.244744,-24.818898,-22.619641,-20.629349,-18.830268,-17.205125,-15.737506,-14.412076,-13.214683,-12.132387,-11.153437
-0.486387,-0.445106,-0.395732,-0.337539,-0.269886,-0.192299,-0.104575,-0.006940,0.099745,0.213703,0.331868,0.449387,0.558987,0.650163,0.708176,0.712853,0.637214,0.446013,0.094385,-0.473076,-1.322276,-2.527900,-4.169202,-6.322616,-9.051182,-12.391874,-16.343300,-20.857122,-25.836046,-31.139299,-36.593983,-42.009083,-47.188959,-51.944634,-56.102964,-59.514907,-62.064072,-63.675636,-64.324069,-64.036978,-62.892551,-61.009931,-58.534308,-55.620254,-52.416880,-49.057146,-45.651954,-42.288381,-39.030837,-35.923879,-32.995699,-30.261649,-27.727410,-25.391679,-23.248333,-21.288101,-19.499828,-17.871402,-16.390409,-15.044588,-13.822128,-12.711858,-11.703348,-10.786959
-0.346439,-0.298772,-0.243305,-0.179490,-0.106904,-0.025333,0.065123,0.163895,0.269751,0.380535,0.492826,0.601509,0.699237,0.775767,0.817177,0.804973,0.715135,0.517195,0.173524,-0.360911,-1.137951,-2.214359,-3.648218,-5.493356,-7.792003,-10.566504,-13.811606,-17.489149,-21.526691,-25.820573,-30.242730,-34.649673,-38.891940,-42.822931,-46.306800,-49.225695,-51.486631,-53.027819,-53.823560,-53.886351,-53.265047,-52.038807,-50.307789,-48.182425,-45.773308,-43.183180,-40.501712,-37.802988,-35.145136,-32.571431,-30.112189,-27.786991,-25.606873,-23.576331,-21.695022,-19.959168,-18.362662,-16.897930,-15.556570,-14.329824,-13.208916,-12.185284,-11.250732,-10.397523
-0.218672,-0.166034,-0.106006,-0.038215,0.037558,0.121294,0.212628,0.310708,0.414011,0.520108,0.625365,0.724580,0.810534,0.873465,0.900478,0.874897,0.775636,0.576659,0.246685,-0.250674,-0.956087,-1.912740,-3.163396,-4.746250,-6.689796,-9.007303,-11.691827,-14.712827,-18.015215,-21.521177,-25.134454,-28.746287,-32.242101,-35.508220,-38.438218,-40.938839,-42.935401,-44.376440,-45.237051,-45.520215,-45.255569,-44.495536,-43.309355,-41.776038,-39.977419,-37.992263,-35.891984,-33.738089,-31.581144,-29.460893,-27.407133,-25.441004,-23.576427,-21.821511,-20.179844,-18.651607,-17.234495,-15.924473,-14.716358,-13.604275,-12.581997,-11.643196,-10.781619,-9.991211
-0.102970,-0.046659,0.016537,0.086832,0.164258,0.248591,0.339243,0.435137,0.534534,0.634829,0.732295,0.821780,0.896344,0.946853,0.961544,0.925576,0.820637,0.624667,0.311824,-0.147191,-0.784259,-1.632305,-2.722965,-4.083518,-5.733264,-7.679774,-9.915591,-12.416009,-15.138430,-18.023512,-20.997973,-23.978649,-26.877264,-29.605466,-32.079773,-34.226237,-35.984644,-37.311994,-38.184916,-38.600631,-38.576188,-38.145968,-37.357788,-36.268194,-34.937644,-33.426205,-31.790172,-30.079773,-28.337918,-26.599818,-24.893239,-23.239157,-21.652638,-20.143792,-18.718693,-17.380235,-16.128868,-14.963227,-13.880642,-12.877549,-11.949814,-11.092977,-10.302443,-9.573615
0.000957,0.059769,0.124898,0.196409,0.274171,0.357784,0.446482,0.539014,0.633494,0.727226,0.816489,0.896285,0.960055,0.999380,1.003659,0.959819,0.852088,0.661893,0.367970,-0.053224,-0.626694,-1.377611,-2.329488,-3.501911,-4.907954,-6.551596,-8.425492,-10.509490,-12.770202,-15.161771,-17.627782,-20.104093,-22.522285,-24.813412,-26.911790,-28.758602,-30.305136,-31.515434,-32.368103,-32.857089,-32.991243,-32.792720,-32.294398,-31.536700,-30.564222,-29.422600,-28.155891,-26.804636,-25.404626,-23.986296,-22.574625,-21.189392,-19.845660,-18.554383,-17.323041,-16.156268,-15.056416,-14.024063,-13.058441,-12.157791,-11.319656,-10.541109,-9.818938,-9.149785
0.093541,0.153817,0.219801,0.291425,0.368420,0.450240,0.535979,0.624262,0.713120,0.799835,0.880765,0.951143,1.004861,1.034246,1.029839,0.980217,0.871881,0.689263,0.414913,0.029925,-0.485339,-1.150176,-1.982141,-2.995346,-4.198616,-5.593669,-7.173592,-8.921839,-10.811946,-12.808078,-14.866364,-16.936928,-18.966395,-20.900694,-22.687926,-24.281136,-25.640789,-26.736807,-27.549972,-28.072566,-28.308173,-28.270653,-27.982430,-27.472315,-26.773144,-25.919481,-24.945626,-23.884024,-22.764155,-21.611868,-20.449093,-19.293854,-18.160496,-17.060035,-16.000576,-14.987751,-14.025148,-13.114698,-12.257020,-11.451727,-10.697672,-9.993158,-9.336107,-8.724193
0.175322,0.236161,0.302080,0.372896,0.448223,0.527400,0.609417,0.692824,0.775616,0.855109,0.927799,0.989202,1.033694,1.054348,1.042792,0.989106,0.881790,0.707837,0.452948,0.101937,-0.360642,-0.949633,-1.678189,-2.556505,-3.590478,-4.780424,-6.120009,-7.595570,-9.185936,-10.862824,-12.591811,-14.333803,-16.046884,-17.688409,-19.217175,-20.595533,-21.791292,-22.779288,-23.542489,-24.072538,-24.369706,-24.442241,-24.305237,-23.979130,-23.488031,-22.858048,-22.115772,-21.287004,-20.395804,-19.463836,-18.510018,-17.550388,-16.598163,-15.663917,-14.755837,-13.880020,-13.040774,-12.240914,-11.482035,-10.764753,-10.088921,-9.453804,-8.858233,-8.300728
0.246919,0.307554,0.372637,0.441892,0.514836,0.590723,0.668474,0.746596,0.823094,0.895363,0.960076,1.013063,1.049192,1.062261,1.044904,0.988550,0.883438,0.718719,0.482686,0.163133,-0.252116,-0.774512,-1.413941,-2.177774,-3.069888,-4.089743,-5.231636,-6.484231,-7.830450,-9.247779,-10.708981,-12.183179,-13.637236,-15.037319,-16.350542,-17.546581,-18.599135,-19.487141,-20.195651,-20.716300,-21.047342,-21.193259,-21.164002,-20.973960,-20.640773,-20.184105,-19.624499,-18.982369,-18.277210,-17.527007,-16.747859,-15.953789,-15.156691,-14.366402,-13.590833,-12.836161,-12.107040,-11.406810,-10.737707,-10.101058,-9.497449,-8.926882,-8.388901,-7.882706
0.309005,0.368793,0.432412,0.499508,0.569524,0.641652,0.714773,0.787388,0.857541,0.922739,0.979857,1.025056,1.053689,1.060235,1.038250,0.980354,0.878281,0.722997,0.504916,0.214214,-0.158725,-0.622760,-1.185340,-1.851790,-2.624586,-3.502693,-4.481032,-5.550156,-6.696191,-7.901073,-9.143082,-10.397657,-11.638424,-12.838378,-13.971130,-15.012139,-15.939839,-16.736583,-17.389345,-17.890117,-18.235999,-18.428968,-18.475381,-18.385257,-18.171437,-17.848684,-17.432815,-16.939920,-16.385703,-15.784980,-15.151316,-14.496807,-13.831975,-13.165761,-12.505581,-11.857439,-11.226060,-10.615041,-10.027006,-9.463752,-8.926386,-8.415454,-7.931045,-7.472893
0.362282,0.420699,0.482354,0.546831,0.613520,0.681575,0.749860,0.816894,0.880788,0.939182,0.989172,1.027244,1.049223,1.050218,1.024612,0.966070,0.867606,0.721700,0.520499,0.256087,-0.079148,-0.492076,-0.988320,-1.571716,-2.243771,-3.003185,-3.845467,-4.762715,-5.743582,-6.773470,-7.834937,-8.908307,-9.972451,-11.005685,-11.986715,-12.895585,-13.714545,-14.428792,-15.027027,-15.501801,-15.849620,-16.070827,-16.169274,-16.151828,-16.027773,-15.808147,-15.505090,-15.131237,-14.699182,-14.221057,-13.708200,-13.170937,-12.618454,-12.058739,-11.498594,-10.943684,-10.398622,-9.867066,-9.351834,-8.855007,-8.378044,-7.921874,-7.486996,-7.073550
0.407464,0.464091,0.523397,0.584919,0.648012,0.711807,0.775175,0.836674,0.894500,0.946439,0.989812,1.021430,1.037553,1.033872,1.005505,0.947025,0.852534,0.715774,0.530307,0.289745,-0.011951,-0.380122,-0.819015,-1.331376,-1.918047,-2.577610,-3.306114,-4.096923,-4.940704,-5.825581,-6.737449,-7.660443,-8.577528,-9.471188,-10.324145,-11.120093,-11.844369,-12.484531,-13.030815,-13.476416,-13.817611,-14.053703,-14.186813,-14.221539,-14.164528,-14.023993,-13.809221,-13.530097,-13.196685,-12.818867,-12.406062,-11.967013,-11.509654,-11.041033,-10.567281,-10.093633,-9.624467,-9.163368,-8.713202,-8.276198,-7.854027,-7.447879,-7.058543,-6.686465
0.445261,0.499775,0.556448,0.614785,0.674117,0.733574,0.792046,0.848147,0.900171,0.946057,0.983350,1.009169,1.020183,1.012606,0.982205,0.924339,0.834030,0.706071,0.535177,0.316186,0.044298,-0.284647,-0.673859,-1.125285,-1.639312,-2.214496,-2.847374,-3.532352,-4.261712,-5.025731,-5.812930,-6.610436,-7.404431,-8.180681,-8.925092,-9.624275,-10.266071,-10.840004,-11.337649,-11.752871,-12.081945,-12.323541,-12.478596,-12.550080,-12.542690,-12.462498,-12.316578,-12.112641,-11.858698,-11.562768,-11.232632,-10.875646,-10.498608,-10.107667,-9.708283,-9.305214,-8.902530,-8.503652,-8.111394,-7.728028,-7.355333,-6.994663,-6.647000,-6.313010
0.476365,0.528528,0.582372,0.637380,0.692878,0.748004,0.801682,0.852589,0.899128,0.939393,0.971146,0.991797,0.998389,0.987604,0.955779,0.898950,0.812916,0.693342,0.535887,0.336370,0.090969,-0.203560,-0.549640,-0.948635,-1.400620,-1.904189,-2.456308,-3.052247,-3.685590,-4.348330,-5.031070,-5.723298,-6.413741,-7.090765,-7.742815,-8.358843,-8.928726,-9.443626,-9.896280,-10.281207,-10.594817,-10.835423,-11.003163,-11.099847,-11.128733,-11.094271,-11.001825,-10.857387,-10.667316,-10.438091,-10.176115,-9.887544,-9.578160,-9.253289,-8.917740,-8.575783,-8.231144,-7.887021,-7.546112,-7.210652,-6.882455,-6.562956,-6.253260,-5.954184
0.501443,0.551088,0.601981,0.653595,0.705257,0.756126,0.805169,0.851136,0.892539,0.927627,0.954370,0.970446,0.973240,0.959850,0.927110,0.871636,0.789885,0.678242,0.533139,0.351184,0.129328,-0.134960,-0.443506,-0.797245,-1.196048,-1.638575,-2.122175,-2.642834,-3.195190,-3.772616,-4.367372,-4.970828,-5.573730,-6.166521,-6.739674,-7.284034,-7.791141,-8.253519,-8.664910,-9.020446,-9.316750,-9.551963,-9.725701,-9.838947,-9.893904,-9.893795,-9.842663,-9.745147,-9.606275,-9.431270,-9.225376,-8.993722,-8.741203,-8.472396,-8.191504,-7.902320,-7.608214,-7.312130,-7.016605,-6.723787,-6.435464,-6.153101,-5.877864,-5.610663
0.521128,0.568150,0.616033,0.664247,0.712130,0.758868,0.803479,0.844791,0.881424,0.911778,0.934019,0.946073,0.945630,0.930158,0.896925,0.843040,0.765514,0.661333,0.527558,0.361434,0.160525,-0.077145,-0.352948,-0.667504,-1.020551,-1.410838,-1.836045,-2.292756,-2.776469,-3.281670,-3.801952,-4.330185,-4.858736,-5.379710,-5.885215,-6.367627,-6.819852,-7.235548,-7.609320,-7.936866,-8.215061,-8.441994,-8.616949,-8.740334,-8.813574,-8.838971,-8.819548,-8.758879,-8.660928,-8.529887,-8.370043,-8.185649,-7.980828,-7.759496,-7.525300,-7.281581,-7.031357,-6.777306,-6.521778,-6.266800,-6.014099,-5.765118,-5.521048,-5.282844
0.536015,0.580363,0.625228,0.670084,0.714288,0.757060,0.797472,0.834431,0.866666,0.892718,0.910937,0.919476,0.916299,0.899198,0.865815,0.813685,0.740282,0.643092,0.519691,0.367837,0.185583,-0.028615,-0.275781,-0.556306,-0.869847,-1.215246,-1.590477,-1.992621,-2.417884,-2.861652,-3.318593,-3.782790,-4.247910,-4.707398,-5.154684,-5.583395,-5.987555,-6.361774,-6.701397,-7.002630,-7.262616,-7.479471,-7.652282,-7.781058,-7.866659,-7.910694,-7.915400,-7.883516,-7.818153,-7.722670,-7.600554,-7.455325,-7.290441,-7.109234,-6.914852,-6.710220,-6.498015,-6.280655,-6.060287,-5.838800,-5.617829,-5.398771,-5.182801,-4.970894
